date,store_id,product_id,demand,price,promotion,economic_index,competitor_price_index
01/01/2022,7,53,1445,48.53396557,0,85.99794957,1.013325723
02/01/2022,4,66,1271,15.52826163,0,71.93782891,0.825077996
03/01/2022,8,77,1240,30.1532129,0,106.9385576,1.07752794
04/01/2022,5,43,1405,42.69455168,0,98.9716448,0.860466627
05/01/2022,7,75,1618,49.47827502,0,109.0921617,0.775932621
06/01/2022,10,23,1208,97.97466324,1,114.2803149,0.970620335
07/01/2022,3,55,874,82.70790811,0,100.9990554,1.01445945
08/01/2022,7,80,1686,76.36689499,0,101.4596161,1.049147506
09/01/2022,8,95,1231,58.33371833,0,95.35679656,1.01720157
10/01/2022,5,75,1233,85.59979845,0,96.53915583,0.894068738
11/01/2022,4,16,1193,40.53905521,0,107.2846991,1.071306118
12/01/2022,8,8,648,73.80092015,0,98.2562497,1.096013851
13/01/2022,8,4,846,99.44055778,1,96.80992333,0.879423787
14/01/2022,3,4,1156,38.3166018,0,99.81683141,0.981899386
15/01/2022,6,56,1894,70.66157814,1,108.863302,0.972555997
16/01/2022,5,25,1608,85.98833777,0,93.07338442,1.022038158
17/01/2022,2,67,867,92.4226825,1,99.33471482,0.979507621
18/01/2022,8,96,1386,74.61394218,0,102.4527784,0.993212223
19/01/2022,6,67,1193,35.52471311,0,111.602219,1.064181553
20/01/2022,2,27,1114,39.36539364,0,97.60703223,0.88861469
21/01/2022,5,93,912,11.86822289,0,92.82176614,1.073737314
22/01/2022,1,32,1673,78.47973799,1,95.15639056,1.114113273
23/01/2022,10,50,1426,13.84656455,0,110.5305743,1.163413499
24/01/2022,6,61,1884,87.81871191,0,120.333053,0.785663268
25/01/2022,9,51,1074,20.6794553,0,86.86242186,0.981709834
26/01/2022,1,19,1502,25.46888609,0,89.04698385,0.803489943
27/01/2022,10,21,1494,52.88738237,0,98.31203213,0.756493631
28/01/2022,3,5,1212,76.40923737,0,101.109561,1.014409305
29/01/2022,7,82,2162,22.51019847,0,107.8696957,0.960084821
30/01/2022,4,92,1190,49.60639676,1,91.08866991,1.029985095
31/01/2022,9,42,1118,53.4566147,0,89.36890963,1.048612769
01/02/2022,3,61,822,29.10570775,0,101.3808715,1.124789596
02/02/2022,5,22,849,20.4002539,0,97.4159928,1.005392043
03/02/2022,3,21,782,85.27788307,0,109.26721,1.292335562
04/02/2022,7,70,996,55.22190848,0,104.873598,1.030640985
05/02/2022,5,1,1388,11.29431124,0,105.5537935,1.184247904
06/02/2022,9,5,1612,82.26831712,0,98.95518654,0.76671622
07/02/2022,7,12,725,98.27144249,0,123.5558026,1.134973953
08/02/2022,2,90,1037,64.53335759,1,91.62252018,0.981923951
09/02/2022,4,46,1906,55.33375484,0,106.1080983,0.805165274
10/02/2022,9,34,806,89.05742767,0,87.30310013,1.042054511
11/02/2022,2,49,542,95.72651107,1,89.26532322,0.969704446
12/02/2022,10,78,1211,77.90832243,1,93.92654401,1.058005325
13/02/2022,9,90,1424,50.09076368,0,116.2932334,1.101107646
14/02/2022,10,45,1161,63.29992594,0,102.6389443,0.851084988
15/02/2022,5,27,1002,73.08418285,0,94.09521931,1.101491898
16/02/2022,2,73,1323,27.48462139,1,103.7443633,1.000647948
17/02/2022,4,26,1084,50.2480929,1,100.3514788,1.135284117
18/02/2022,7,47,871,84.68391382,0,95.08026631,0.979485177
19/02/2022,8,86,1408,68.92528136,0,86.03371144,0.952959111
20/02/2022,3,56,950,47.00836605,0,114.3854248,1.002705404
21/02/2022,1,94,882,69.70262806,0,102.0981813,1.010186071
22/02/2022,4,63,1138,20.64001709,0,121.7373837,0.93372152
23/02/2022,2,48,1156,46.13478495,0,109.4032162,0.950369527
24/02/2022,8,61,1335,81.38156842,1,105.5131972,0.877312447
25/02/2022,4,81,1007,29.84579084,0,95.64795671,0.956535491
26/02/2022,2,26,912,26.73653568,0,89.04654436,1.067631006
27/02/2022,6,36,1605,95.57367939,0,97.82269016,0.986264583
28/02/2022,6,1,727,28.89078666,0,88.75707406,1.10090653
01/03/2022,10,8,1056,33.48267217,0,106.5019038,0.981457053
02/03/2022,4,99,1308,97.2654345,0,116.326525,0.8568482
03/03/2022,6,52,806,76.12377132,0,97.39087734,1.059727489
04/03/2022,2,79,1080,72.96368797,1,109.4449097,0.932637686
05/03/2022,10,47,1366,86.76337455,0,93.1077093,0.976663271
06/03/2022,2,56,984,20.4240774,0,96.97533162,1.123757205
07/03/2022,10,86,1087,73.53606129,0,91.85036015,0.883912954
08/03/2022,4,14,830,55.33197484,0,78.66866965,1.016474379
09/03/2022,8,90,1171,84.62355763,0,99.6346665,0.995948165
10/03/2022,7,28,990,55.73275468,0,101.2845174,1.070092572
11/03/2022,9,87,1022,65.82172188,0,110.65861,1.085515337
12/03/2022,8,78,1326,52.99679138,0,107.9543825,1.0263839
13/03/2022,5,88,1238,53.03430312,0,108.089529,0.963962535
14/03/2022,2,2,644,79.11729803,0,90.25963777,1.04733725
15/03/2022,5,26,728,66.57097606,1,104.5949731,1.13356559
16/03/2022,8,14,943,66.99368814,1,115.8259397,0.997271006
17/03/2022,10,59,672,50.52542354,0,103.7986785,0.973274389
18/03/2022,9,56,1100,57.79985467,0,118.2859361,1.038817026
19/03/2022,9,7,1160,77.11458996,1,120.1896611,1.003872702
20/03/2022,1,3,1461,84.33468272,0,97.3153173,0.866229058
21/03/2022,9,23,781,72.69052619,0,93.03060255,1.02393308
22/03/2022,7,18,998,93.166569,1,92.38537835,0.865323759
23/03/2022,9,38,863,83.82916793,0,84.8386418,1.037448065
24/03/2022,8,99,872,60.56774108,1,94.81597101,0.920285728
25/03/2022,1,15,1101,70.42654654,1,112.0766545,1.00368748
26/03/2022,8,64,1120,93.36774492,0,77.95962425,1.039059391
27/03/2022,8,89,890,65.72512398,1,89.62546599,1.245390335
28/03/2022,3,28,720,84.23262532,0,98.72868558,1.074274996
29/03/2022,1,74,617,71.99294532,0,91.22814799,1.136479881
30/03/2022,8,39,678,59.6742725,0,94.72714056,1.187174782
31/03/2022,3,57,727,31.76543759,0,94.87670326,1.048925592
01/04/2022,3,17,725,48.33977675,0,97.4245978,1.02856898
02/04/2022,1,86,1323,97.09685424,0,92.70545304,0.893327889
03/04/2022,5,90,1146,69.19888449,0,91.88786786,0.988337007
04/04/2022,10,44,1222,60.79558423,0,109.3430975,0.927691227
05/04/2022,7,25,1455,93.9660963,0,110.4965418,0.959894115
06/04/2022,10,17,715,62.78606029,0,86.19456655,1.187066338
07/04/2022,9,13,516,57.34742666,1,72.40402601,1.011462151
08/04/2022,7,84,1071,78.33797696,1,110.6337485,0.912410042
09/04/2022,9,25,1101,74.13990571,0,87.71199581,1.137453345
10/04/2022,8,68,1473,27.38440076,1,102.1274484,1.095527548
11/04/2022,2,10,841,52.41774471,0,84.34328127,1.100765349
12/04/2022,1,67,1238,52.52638985,0,112.9775499,0.79938698
13/04/2022,7,18,1211,44.04020637,0,125.436679,1.194867096
14/04/2022,7,100,1243,56.55641339,0,101.8280691,0.944148526
15/04/2022,8,86,853,47.1796658,1,99.05897352,1.077795477
16/04/2022,5,34,1017,27.94109405,0,96.77860425,1.252379979
17/04/2022,3,8,1622,47.11298385,0,107.8179931,1.215533275
18/04/2022,8,40,943,16.50492528,0,105.6768675,0.902243787
19/04/2022,6,83,798,61.82072765,0,110.0349845,0.855548266
20/04/2022,3,42,1031,86.8289094,0,93.72083477,1.14303466
21/04/2022,1,41,1207,75.27583759,0,103.4011771,1.014205581
22/04/2022,3,6,856,42.4354636,0,94.57531933,0.949911856
23/04/2022,5,52,1050,17.8364085,0,89.42284352,1.062121855
24/04/2022,3,26,983,28.19344593,0,99.58984579,0.983712042
25/04/2022,1,64,869,59.09413064,0,90.7748727,1.070132414
26/04/2022,5,98,1334,28.6351375,0,111.73727,1.006698181
27/04/2022,10,59,721,58.95758002,0,91.38079622,1.072238793
28/04/2022,7,56,1273,30.84391223,0,103.6354594,0.910546731
29/04/2022,7,59,953,86.40314825,0,93.96577701,1.142446201
30/04/2022,9,70,1306,45.75443256,0,102.7706275,1.069762337
01/05/2022,10,33,1170,32.09955634,0,94.76003427,1.064629737
02/05/2022,10,53,1032,83.10935622,1,87.42788725,0.888233007
03/05/2022,3,22,618,40.85550683,0,104.8377274,1.169963242
04/05/2022,7,21,1038,20.03389191,0,97.64584378,0.99862839
05/05/2022,1,70,1333,61.33685423,1,102.8598494,1.072804886
06/05/2022,4,70,967,62.3407784,0,95.71157064,0.967717554
07/05/2022,4,4,987,74.32261077,0,86.72063486,1.026088906
08/05/2022,5,94,1681,31.61974899,0,110.831786,1.029712735
09/05/2022,7,75,1824,49.93942052,0,107.3675776,0.718006907
10/05/2022,7,62,1101,35.41311271,0,94.33039024,1.058244812
11/05/2022,4,62,770,17.28583625,1,100.6977921,1.196534146
12/05/2022,7,94,1773,88.89524443,0,110.4201948,1.053978026
13/05/2022,3,95,833,75.5982824,0,95.42961664,0.904229175
14/05/2022,6,24,1226,37.13167535,1,96.98115495,1.064996157
15/05/2022,2,55,1277,63.94356936,1,102.436325,1.105948053
16/05/2022,10,9,758,28.11374093,0,95.40908936,1.051246652
17/05/2022,9,3,1132,90.12129596,0,108.57092,0.992587289
18/05/2022,5,31,1181,20.3415709,1,98.3109922,0.975785077
19/05/2022,6,40,953,10.3453431,0,92.15964125,0.975369024
20/05/2022,4,36,1258,55.1807378,0,106.0863883,1.06977769
21/05/2022,10,24,1334,62.48150411,1,88.57869351,0.8592876
22/05/2022,7,95,1225,62.10687883,0,120.1487856,0.962812684
23/05/2022,9,6,756,14.90607347,0,115.8249636,1.159560982
24/05/2022,7,66,1094,38.26394262,0,105.1349548,1.163419527
25/05/2022,1,84,960,54.92790522,0,104.2933102,0.852185291
26/05/2022,1,92,1314,29.49212671,0,103.8244142,0.886858639
27/05/2022,9,75,1187,88.53632969,0,95.10905214,0.972937942
28/05/2022,9,4,1102,17.83983605,0,102.9730965,1.089258952
29/05/2022,4,79,1885,53.86459975,0,90.7686739,0.817252565
30/05/2022,9,6,720,72.22744518,0,105.0381842,0.994519137
31/05/2022,3,94,1360,33.55759901,0,108.6784694,0.952582084
01/06/2022,7,51,1209,66.18166633,0,96.21913899,1.132596467
02/06/2022,6,62,1452,84.64466351,0,94.04898206,0.832309153
03/06/2022,8,57,737,27.13032776,0,87.87522975,1.009254062
04/06/2022,9,66,1740,92.54985326,0,114.5795523,0.960639056
05/06/2022,5,79,1785,59.82026794,0,94.84335966,1.146979893
06/06/2022,1,75,1664,36.93088039,1,98.01260964,1.059765265
07/06/2022,3,8,1643,48.77724478,0,103.0015558,0.941418434
08/06/2022,10,26,1340,38.09726954,0,102.8220764,1.085338644
09/06/2022,8,51,1524,75.26000439,1,107.465601,0.961117115
10/06/2022,6,45,1145,81.66705971,0,96.2067008,1.099932971
11/06/2022,8,44,1634,84.96436531,0,88.61332062,0.976292301
12/06/2022,9,5,1041,98.71914246,0,86.86334691,1.105466658
13/06/2022,4,70,1153,81.21558632,0,94.20744767,1.043608196
14/06/2022,1,26,1094,64.12456636,1,90.48149525,1.326049108
15/06/2022,1,68,1079,40.52982686,0,96.96383295,0.994710399
16/06/2022,10,19,1649,59.01359038,0,113.0757881,1.038286229
17/06/2022,4,84,1312,13.69613555,0,96.22721794,0.952057526
18/06/2022,7,97,1188,77.0342568,0,96.22349139,1.000268534
19/06/2022,2,20,1724,50.13599906,0,99.83601224,0.729816487
20/06/2022,3,12,1293,11.80209068,0,95.94375009,1.046558402
21/06/2022,1,47,1274,15.62562474,0,99.32608764,1.134287421
22/06/2022,5,1,1287,44.87198174,0,105.4086922,1.039663
23/06/2022,1,90,1290,62.50793671,1,108.8475105,0.868613854
24/06/2022,8,14,1665,51.77835541,1,110.032132,0.919821285
25/06/2022,1,64,2990,65.72838856,0,120.5685222,0.756980787
26/06/2022,1,38,2177,53.22648329,0,105.6935945,1.097892401
27/06/2022,2,37,2381,69.55334609,0,122.344789,0.899348671
28/06/2022,2,11,1310,29.72134582,0,92.23518192,0.997129141
29/06/2022,6,100,1734,20.15588685,1,120.912849,0.984626243
30/06/2022,7,77,1113,63.67905592,0,96.19623946,1.148772704
01/07/2022,5,3,1469,53.62205652,0,97.17981069,1.008528132
02/07/2022,1,33,1899,12.41808886,1,98.80127453,1.080889292
03/07/2022,1,6,2124,44.24336969,0,97.81379289,1.054646376
04/07/2022,3,50,1872,19.55130269,1,100.858404,1.135941142
05/07/2022,2,10,1213,57.82211486,1,94.19971998,0.976087631
06/07/2022,5,5,1714,45.61999117,0,108.2996217,1.186961533
07/07/2022,10,23,2115,65.183672,0,94.47164965,0.801433784
08/07/2022,6,10,1268,82.50419969,1,106.556104,1.08574735
09/07/2022,7,44,3077,36.97018155,1,115.2772362,0.913338039
10/07/2022,4,2,2514,96.58918937,0,96.4289763,0.950725045
11/07/2022,7,13,1253,58.20710505,1,107.9438342,1.056941427
12/07/2022,8,40,1919,65.64617189,0,105.5915929,1.056140205
13/07/2022,1,2,1844,71.26051359,0,122.5288688,1.060642801
14/07/2022,6,84,2161,70.00583769,1,94.95169435,0.861384206
15/07/2022,8,65,1194,55.98736687,0,107.9507162,1.144903023
16/07/2022,5,63,1563,48.5887862,1,83.73988908,0.909935288
17/07/2022,4,73,1097,14.84037678,0,95.04141589,0.923271291
18/07/2022,2,17,1551,11.98772608,0,103.5339284,1.063789674
19/07/2022,6,9,1800,42.21650751,0,113.9315997,0.971327883
20/07/2022,6,75,1138,40.02948016,0,87.74066635,1.030826084
21/07/2022,1,15,1885,44.89256394,0,107.8609064,0.78433993
22/07/2022,9,24,1058,22.45313808,0,99.36776544,1.028432445
23/07/2022,6,38,1958,76.43514435,0,84.78472347,1.021783188
24/07/2022,3,35,1963,87.12679733,0,101.8158685,0.949014146
25/07/2022,4,94,3327,94.48431718,0,117.0916123,0.792592404
26/07/2022,4,95,1200,54.31260732,1,88.7957734,0.978719174
27/07/2022,3,49,1253,73.07791292,0,98.90062285,0.996262614
28/07/2022,10,69,1225,86.99960111,0,90.13361015,0.963277101
29/07/2022,3,62,1248,47.6462,0,95.31417068,0.816382554
30/07/2022,3,60,2038,37.84715154,0,114.3217014,1.159473401
31/07/2022,4,50,1550,94.30521003,0,97.28475525,0.936113847
01/08/2022,7,78,1894,56.4108896,0,114.0156574,0.977779534
02/08/2022,4,75,1826,54.75284979,0,111.0905405,0.759052568
03/08/2022,9,9,1389,26.05744869,0,96.37262087,1.159485535
04/08/2022,1,34,1481,19.73395131,1,94.97400539,0.953345007
05/08/2022,8,76,1085,85.78961762,0,91.04001193,1.009846282
06/08/2022,7,99,1893,65.27198586,0,90.69118806,1.112073744
07/08/2022,2,35,2276,39.32421256,0,103.5320739,0.93236958
08/08/2022,8,1,1984,27.25625957,0,99.80214685,1.096324499
09/08/2022,1,40,1301,59.99475522,0,93.76394565,0.793867454
10/08/2022,9,64,1084,62.55273603,0,84.51237078,1.055098666
11/08/2022,9,22,1474,28.62942411,0,101.0617877,1.157224217
12/08/2022,2,60,916,86.62651731,0,95.30447821,0.941958315
13/08/2022,7,64,1862,17.58379295,0,98.04702304,1.111888162
14/08/2022,10,93,1644,42.04837766,0,103.0466183,1.183392265
15/08/2022,3,72,816,71.23459724,0,74.98197139,0.974515816
16/08/2022,7,11,785,34.67083274,0,84.66725396,0.966247171
17/08/2022,10,14,1527,84.49076753,0,122.9644308,0.910170625
18/08/2022,9,60,699,76.58810439,0,94.93389493,0.949026984
19/08/2022,4,30,951,81.01205601,0,74.82566898,0.918464011
20/08/2022,1,35,1501,20.71958823,0,85.5005982,0.91008889
21/08/2022,2,85,1763,22.64924152,0,124.8446737,1.11988353
22/08/2022,1,37,1650,35.7826364,0,92.9700254,0.921007397
23/08/2022,5,5,1757,56.62694487,0,111.5901524,1.025852191
24/08/2022,5,83,1721,77.3214469,0,101.21118,1.003823344
25/08/2022,7,78,1161,85.28778017,0,95.15032963,1.149809456
26/08/2022,9,26,776,73.39017844,0,107.7544547,0.949684377
27/08/2022,9,62,1004,93.57371934,0,76.15643325,1.038114805
28/08/2022,3,4,1314,76.48691587,1,85.5886738,1.07910697
29/08/2022,3,89,889,37.56410983,0,95.07648988,1.148974961
30/08/2022,3,42,1207,33.85731559,0,86.57095602,0.948224665
31/08/2022,4,89,1687,72.65732053,1,94.19222211,0.938210753
01/09/2022,8,18,863,27.35835118,1,108.5371305,0.893821895
02/09/2022,6,40,1098,18.34433297,0,101.3213672,1.223629962
03/09/2022,8,72,1420,57.90005874,0,113.3061704,1.138447244
04/09/2022,1,39,1323,83.94774128,0,101.9537528,0.995779861
05/09/2022,8,14,787,19.12418582,0,109.9246083,1.193143915
06/09/2022,4,32,826,81.27021914,0,99.359297,0.989813661
07/09/2022,1,51,602,83.04148039,0,94.09724517,1.072441047
08/09/2022,8,38,1534,53.40466001,0,114.8056806,1.00101719
09/09/2022,4,97,1225,15.1579279,1,92.90649712,1.039780545
10/09/2022,6,23,927,25.71308661,1,103.4384482,1.029176144
11/09/2022,8,63,1171,73.66836476,0,107.6889736,0.957501463
12/09/2022,4,15,1056,74.06001505,0,108.414927,1.109249854
13/09/2022,3,97,697,90.85197477,0,88.3455733,1.071595242
14/09/2022,9,25,626,62.44175319,1,110.5195041,1.102769459
15/09/2022,3,17,799,21.16966309,0,90.21044754,1.032022719
16/09/2022,9,97,1571,20.9273415,0,108.1070366,0.909343012
17/09/2022,2,66,1105,74.90191216,0,105.3517347,1.170938607
18/09/2022,2,78,1456,26.54061986,0,108.1863066,0.973744377
19/09/2022,2,53,694,39.55469497,0,87.94996479,1.036406703
20/09/2022,6,51,1123,53.84908062,0,105.8792974,1.063538136
21/09/2022,3,39,1041,12.22883898,0,110.8559368,1.035742172
22/09/2022,9,51,826,32.39371243,0,101.9339578,1.091541702
23/09/2022,4,70,594,46.71006477,0,91.8138332,1.107337792
24/09/2022,1,6,1871,35.16726866,0,109.1974761,0.97751665
25/09/2022,4,67,761,22.27332947,1,101.1391963,1.162546734
26/09/2022,1,7,995,75.5211032,1,83.25555736,0.973309645
27/09/2022,5,51,520,83.18328897,1,91.03810538,1.033674905
28/09/2022,4,72,1120,33.17310785,1,94.73705469,0.961232182
29/09/2022,8,42,1329,79.69775451,0,115.0581829,0.932652648
30/09/2022,8,64,1211,44.6998208,0,113.3018309,1.104419109
01/10/2022,7,15,1012,55.60172118,0,113.2696853,1.31218969
02/10/2022,3,29,1659,87.04009674,1,102.3236028,0.963824011
03/10/2022,1,33,1184,77.49583136,0,109.1359479,1.121532157
04/10/2022,1,94,702,82.46051662,0,88.59220591,0.967408869
05/10/2022,3,27,828,22.31606499,1,100.068031,0.998951502
06/10/2022,6,36,780,16.27474833,0,104.516327,1.175758377
07/10/2022,7,29,775,90.40642562,0,89.25100943,0.892646471
08/10/2022,6,38,1248,44.90508426,0,102.0991209,0.866184093
09/10/2022,6,57,1305,35.90917103,0,116.8663919,0.991280135
10/10/2022,6,97,1152,75.22266288,0,105.5876978,1.066365603
11/10/2022,3,27,1082,85.27740369,0,109.1754521,1.046366657
12/10/2022,6,55,590,87.62406597,0,75.47593077,1.036067918
13/10/2022,8,33,523,38.4397427,1,115.5796885,1.003413198
14/10/2022,2,68,567,86.69911521,0,98.13877652,1.078654003
15/10/2022,5,86,1741,13.68405499,0,92.31313686,0.708632756
16/10/2022,1,66,691,14.46953423,0,98.25362148,0.924919469
17/10/2022,1,10,756,66.11672757,0,85.14977842,0.990638759
18/10/2022,5,5,793,15.67957322,0,110.4794206,1.07045348
19/10/2022,3,74,813,39.21482517,0,96.64604277,1.148976514
20/10/2022,4,97,875,70.54803876,0,92.61369188,0.911490029
21/10/2022,3,38,796,40.35402064,0,98.31944934,1.145707863
22/10/2022,1,13,1318,26.16398033,0,111.1801565,0.954743833
23/10/2022,1,31,1139,35.32155597,0,101.314584,0.987009022
24/10/2022,5,47,640,51.1817799,0,85.9030623,1.058143252
25/10/2022,6,100,1045,52.78472698,0,104.6498083,0.979676392
26/10/2022,3,88,927,80.47002082,0,90.71020046,1.111011761
27/10/2022,9,52,562,77.51379065,1,78.43898969,0.959539585
28/10/2022,5,56,1038,51.11360241,0,114.9600721,0.961046501
29/10/2022,8,15,1201,86.11006142,0,104.5722987,1.105197995
30/10/2022,1,29,1309,20.28134247,0,99.21729336,0.923687561
31/10/2022,5,8,891,32.98180152,0,96.54390485,1.02489291
01/11/2022,3,5,1270,84.51788172,0,113.970795,0.833951733
02/11/2022,1,29,1198,44.01946348,0,130.8715515,1.181963935
03/11/2022,4,47,996,98.30634029,0,104.4878052,1.120655194
04/11/2022,5,68,671,51.96279534,0,89.70365318,1.27501072
05/11/2022,7,76,1332,81.27420607,0,98.45534481,1.133836373
06/11/2022,1,45,1854,46.20763372,0,104.3057267,0.887034977
07/11/2022,3,2,469,48.24581672,0,76.50471693,1.066864986
08/11/2022,2,27,1234,44.45948326,0,103.344992,0.908199124
09/11/2022,9,95,1014,74.71680585,1,104.3642513,1.157803751
10/11/2022,10,36,964,59.27660957,0,113.263422,0.889885971
11/11/2022,6,36,1412,94.94003002,0,112.221233,0.885084512
12/11/2022,10,26,1437,32.58012849,0,101.1117216,0.839018855
13/11/2022,3,43,1418,19.05064589,0,115.1463691,0.951162018
14/11/2022,8,27,1161,45.39353366,0,120.3567832,0.931052218
15/11/2022,8,69,1209,65.50414369,0,100.2795146,0.873835089
16/11/2022,2,20,771,87.47190432,0,104.1818708,1.19898091
17/11/2022,6,11,993,41.1577198,0,82.32702647,1.05298807
18/11/2022,7,74,857,68.8408076,1,85.49026738,1.041223454
19/11/2022,2,38,845,41.51788129,0,91.61803686,1.158916442
20/11/2022,10,6,1329,65.54976247,0,95.56381695,1.025625779
21/11/2022,2,72,798,89.63271523,1,89.03876975,0.92513198
22/11/2022,10,23,1343,30.8221878,1,99.64004588,0.829979026
23/11/2022,1,47,1206,46.38174779,0,95.86290832,0.919494261
24/11/2022,8,90,720,99.39386768,0,110.7089523,1.15054156
25/11/2022,1,46,1296,88.17013254,1,95.25226355,0.874466388
26/11/2022,9,12,668,60.81758721,0,77.13282052,1.035312724
27/11/2022,6,90,1486,56.49648327,0,101.2575117,1.103392514
28/11/2022,7,13,1248,35.61403441,0,99.85801976,1.028534484
29/11/2022,10,62,989,56.54884849,0,91.37950119,1.039898333
30/11/2022,7,82,525,86.33633485,0,100.9499988,1.065560391
01/12/2022,10,89,1548,71.6657062,0,89.24735412,1.037928087
02/12/2022,3,97,1942,36.10396254,0,103.2983995,1.160907417
03/12/2022,2,60,2777,28.13175289,0,126.3292444,0.895970827
04/12/2022,9,43,1620,33.86876833,0,81.94394527,1.024042488
05/12/2022,8,76,1274,25.27832813,1,94.83757913,0.818175957
06/12/2022,10,100,1850,18.60766264,1,93.23494879,0.792625381
07/12/2022,7,68,1784,47.7222557,0,95.66740117,0.991832897
08/12/2022,9,5,1741,20.1969644,0,110.1992458,1.054337957
09/12/2022,4,37,2244,25.4721302,0,105.4282656,1.163066778
10/12/2022,4,72,1555,59.25922159,0,108.487665,1.241979173
11/12/2022,1,92,1216,24.81393463,0,100.304955,1.131986067
12/12/2022,8,31,1361,15.74917907,0,86.7790068,1.072716574
13/12/2022,3,9,669,38.5649965,1,88.85314639,1.015996486
14/12/2022,7,51,1676,29.82871888,0,107.4625971,0.846877194
15/12/2022,2,29,2067,56.37746692,0,101.708319,0.985396339
16/12/2022,2,78,1674,19.21303761,0,112.6020741,1.129037675
17/12/2022,7,40,1877,77.65937089,0,102.932621,1.089828186
18/12/2022,6,41,2817,91.56101675,0,88.16985007,0.871366585
19/12/2022,3,86,1298,76.90916566,0,94.78098186,1.061402565
20/12/2022,9,11,2108,57.95443337,0,105.6481415,1.052839281
21/12/2022,10,23,1566,87.46010396,1,107.103325,1.034989012
22/12/2022,6,1,1583,72.54265418,0,108.5510863,0.997214444
23/12/2022,10,46,884,10.94960102,1,89.51475887,1.066558397
24/12/2022,10,21,1450,45.46811375,0,87.98969834,1.069731304
25/12/2022,6,90,1548,86.58567095,0,98.1019748,0.935854123
26/12/2022,1,36,1558,41.12729722,0,114.4007352,1.045501406
27/12/2022,4,54,1516,13.16936562,0,93.06131679,0.981060486
28/12/2022,10,87,1482,77.15616747,0,104.5497189,0.851276613
29/12/2022,6,57,2229,82.18344433,0,104.5506114,0.943839296
30/12/2022,6,1,1958,24.45343255,0,107.6077275,0.843631031
31/12/2022,5,63,1973,58.36064472,0,116.6444025,1.098009354
01/01/2023,1,54,2128,27.27598951,0,115.6190642,1.035588938
02/01/2023,8,55,1051,74.73109771,0,94.05394166,0.964450939
03/01/2023,5,40,790,34.43954097,0,79.02104559,1.142052134
04/01/2023,5,15,945,38.45936103,0,93.21470665,1.006799091
05/01/2023,7,21,1981,86.04737683,0,100.7567229,0.856877724
06/01/2023,4,47,973,52.8690117,1,96.38354722,0.956052146
07/01/2023,6,73,1585,70.27790061,0,119.6789894,1.163285419
08/01/2023,4,53,1647,46.21357457,0,100.187803,0.933052437
09/01/2023,3,9,1420,36.82061715,0,106.5371188,1.027522129
10/01/2023,7,74,1027,66.29302544,0,102.1721431,1.074387662
11/01/2023,8,52,832,23.93718167,0,96.53366817,1.058994848
12/01/2023,4,57,731,43.5699852,1,80.75188322,1.24494598
13/01/2023,2,26,1372,28.81333336,1,99.21382361,0.882369674
14/01/2023,10,41,2226,72.62154702,0,132.5464729,0.892353692
15/01/2023,3,35,1767,94.97879545,0,87.555416,0.884024555
16/01/2023,1,63,1198,99.59598712,0,81.85126956,0.970408158
17/01/2023,8,25,694,50.52491294,0,119.363893,1.109937739
18/01/2023,3,90,1489,32.72773507,0,107.4208297,0.896826542
19/01/2023,10,75,1486,49.85464333,0,101.8741988,1.111336051
20/01/2023,7,38,1664,86.2542469,0,113.6267386,1.003512667
21/01/2023,10,2,1673,28.54051107,1,91.68498057,0.889100331
22/01/2023,5,7,1418,95.68860865,0,98.93405239,0.824863004
23/01/2023,10,82,1700,40.76791919,0,109.5515412,0.847242951
24/01/2023,5,91,1570,98.72232935,1,121.1035437,0.933414659
25/01/2023,7,34,946,85.47479988,0,88.31455685,0.983084882
26/01/2023,9,91,1262,82.77134807,1,112.8073446,1.134606298
27/01/2023,5,17,1511,38.61142064,0,103.8183906,1.079908821
28/01/2023,1,43,1417,10.78994908,0,101.6306107,0.916105875
29/01/2023,10,59,1178,44.39196179,1,99.92270778,1.040866528
30/01/2023,10,51,990,37.16284327,0,86.15353379,1.165154627
31/01/2023,1,54,1208,13.36572914,0,109.63089,1.187391742
01/02/2023,2,24,1172,55.48287309,0,92.1773098,0.968559399
02/02/2023,6,25,926,46.27281802,0,89.20309297,1.095828843
03/02/2023,9,71,818,67.1100821,0,108.8545896,1.138995537
04/02/2023,8,52,1876,65.906769,1,107.8913403,0.849292808
05/02/2023,5,70,1074,20.86719723,1,100.7900008,0.948759291
06/02/2023,1,88,914,97.92689915,1,110.7954362,1.222001873
07/02/2023,7,33,1389,26.82382865,0,114.2593658,0.969896389
08/02/2023,5,49,1377,50.07466223,0,113.0822408,0.707104864
09/02/2023,6,29,1371,53.93057891,0,94.71721027,0.987903819
10/02/2023,7,63,640,83.17565175,1,110.1410493,1.11246255
11/02/2023,3,22,1083,18.93066365,0,102.1164098,1.000651044
12/02/2023,10,26,1238,48.57798513,0,117.2590777,1.071536395
13/02/2023,3,28,763,66.56519532,0,98.76271664,1.0938222
14/02/2023,5,85,896,29.36400595,0,96.43528363,0.964506255
15/02/2023,6,49,723,66.47211089,0,93.86203123,0.948060701
16/02/2023,9,71,1074,93.12983538,1,101.8928789,1.015344098
17/02/2023,5,81,964,99.77663181,1,104.6672547,1.017777892
18/02/2023,1,84,1593,12.92059691,0,104.8596228,1.005407682
19/02/2023,4,49,1185,31.20294054,0,103.4917254,1.009515652
20/02/2023,5,20,978,37.92764042,1,106.7103701,0.925145387
21/02/2023,10,86,1053,45.92134904,0,97.77458164,1.075028691
22/02/2023,10,92,1089,31.80314418,0,91.27484684,1.059923195
23/02/2023,5,63,683,28.31391951,0,90.40172003,0.866399163
24/02/2023,7,61,631,95.90984582,0,109.750511,0.961083768
25/02/2023,4,49,1462,92.66694425,0,104.7032231,1.009307987
26/02/2023,1,71,905,14.22932509,0,81.44162229,0.9465687
27/02/2023,5,1,722,40.49317194,0,110.9675343,1.063737198
28/02/2023,7,96,1500,46.46336983,0,118.8043515,0.993311746
01/03/2023,10,13,810,31.51130812,1,92.84083149,1.016907253
02/03/2023,10,94,1043,66.59856073,1,103.3616005,0.959929069
03/03/2023,6,87,1254,67.6342672,1,95.26541906,0.800678118
04/03/2023,5,51,1133,86.54538055,0,106.2830693,0.794965168
05/03/2023,4,56,689,76.67823415,0,88.33991111,1.058960955
06/03/2023,2,83,1077,58.83159943,0,99.28554343,1.026691208
07/03/2023,4,62,713,68.8228093,1,109.8131413,1.043866221
08/03/2023,10,32,726,34.65899034,0,112.3571174,1.013447284
09/03/2023,10,30,796,63.3750571,0,104.2649582,1.02145674
10/03/2023,3,29,1066,54.03045293,0,96.60954697,1.096902337
11/03/2023,10,49,1017,22.00100206,0,84.07398916,1.044461937
12/03/2023,1,45,1172,31.82898489,0,92.42450289,1.104090935
13/03/2023,8,93,879,36.25241056,1,95.30726595,1.017146184
14/03/2023,5,30,778,93.18786103,1,93.02266217,0.969961826
15/03/2023,4,16,936,30.73479754,0,100.5955297,1.019420286
16/03/2023,8,40,652,36.03195125,1,96.58112264,0.916382212
17/03/2023,7,19,748,43.24187171,0,101.7212137,0.962015307
18/03/2023,2,18,1438,69.73684648,0,112.026273,1.017757131
19/03/2023,1,1,821,20.64145532,0,95.93537779,1.016431833
20/03/2023,4,78,703,95.85506912,0,86.17133023,0.989358112
21/03/2023,8,47,928,87.90140981,0,92.98292402,0.861181529
22/03/2023,2,66,771,61.94944657,1,105.8358847,1.063640955
23/03/2023,3,92,532,70.66340807,0,106.7794378,1.083422841
24/03/2023,1,94,754,11.49944241,0,104.060852,1.16436905
25/03/2023,1,38,1135,40.50502978,0,113.0073731,1.0441776
26/03/2023,3,51,1260,81.60942076,1,98.1363693,1.000146183
27/03/2023,5,63,1205,16.97346764,0,120.5216615,0.898697049
28/03/2023,3,4,953,35.40824508,0,108.1818714,1.149201787
29/03/2023,1,1,571,62.67671455,0,74.7651253,1.024783298
30/03/2023,1,8,1153,33.07717249,0,118.0065863,1.019337317
31/03/2023,8,29,585,94.05801767,0,92.3301339,0.97459438
01/04/2023,10,55,832,21.79527677,0,89.65898811,0.968203043
02/04/2023,2,3,729,81.76549221,0,105.2377111,1.068826673
03/04/2023,3,32,859,55.71538227,0,82.61819528,0.897855938
04/04/2023,2,10,674,77.52976982,1,93.04530769,1.162543186
05/04/2023,3,74,1175,37.96437955,0,115.5709854,1.140752646
06/04/2023,7,83,978,56.30406421,0,105.5621758,0.964593845
07/04/2023,1,34,1216,87.11518148,1,108.1223978,0.913613543
08/04/2023,10,97,1852,52.01902892,0,93.430894,0.798479401
09/04/2023,8,87,1035,42.37478757,1,84.61630001,0.874858613
10/04/2023,10,55,1078,58.25398476,0,107.0681743,1.072991149
11/04/2023,10,92,1126,74.56264777,0,109.3025616,1.031534186
12/04/2023,10,32,759,49.92070109,0,108.8499339,1.049365357
13/04/2023,2,50,1389,94.49892776,1,102.0906923,0.815442036
14/04/2023,3,7,854,36.54512416,0,90.32931757,0.960418438
15/04/2023,9,93,1172,52.79172456,0,124.3776959,1.136727281
16/04/2023,7,8,921,78.12348934,1,104.7978744,0.990397259
17/04/2023,4,65,862,72.02089814,0,98.26113358,0.872770527
18/04/2023,10,57,1071,87.72769472,0,98.30550763,0.988839767
19/04/2023,5,67,769,99.71282626,0,101.4959748,0.922898258
20/04/2023,2,88,977,48.41724959,0,110.6960826,1.033367906
21/04/2023,8,87,1279,20.00357918,0,101.8962812,1.002054538
22/04/2023,4,59,1383,12.73742927,0,108.5851315,1.054329666
23/04/2023,9,72,1331,75.41892155,0,101.5139769,0.878207637
24/04/2023,5,54,1264,88.66123042,0,98.87646109,0.955128343
25/04/2023,9,67,1250,29.86413273,1,106.4125039,1.109043434
26/04/2023,4,51,1299,24.26032335,1,106.0328603,0.864571995
27/04/2023,10,97,528,15.59845824,0,98.30365881,0.899688798
28/04/2023,5,92,1107,84.04326295,1,92.50793042,1.019929731
29/04/2023,9,8,766,38.02437459,0,103.4172891,1.028672984
30/04/2023,8,34,1768,46.15272035,0,100.7834867,0.951115016
01/05/2023,3,35,1334,55.24751724,0,94.45128287,0.972156712
02/05/2023,1,96,1344,85.55079108,0,91.57599517,1.053322556
03/05/2023,3,88,1043,68.57498994,0,104.1047584,1.0849635
04/05/2023,4,78,1168,65.35581669,1,105.5009506,0.893077833
05/05/2023,2,32,884,25.810489,0,96.39967885,1.036431952
06/05/2023,1,46,1014,56.18709025,1,94.20062964,1.1512016
07/05/2023,7,16,1644,74.38429155,0,91.69744811,0.988410794
08/05/2023,8,68,1419,97.59347947,0,103.8225494,0.892016085
09/05/2023,7,37,1165,28.12656783,0,91.96022926,0.887390809
10/05/2023,5,54,1110,10.85890178,0,122.4113457,0.983926256
11/05/2023,1,85,1548,16.77712902,0,95.89718564,1.10358473
12/05/2023,7,14,962,43.82672187,0,75.74785722,0.995924415
13/05/2023,7,95,1025,83.8490183,0,99.69828333,1.018923198
14/05/2023,9,55,1418,10.64278736,0,99.2696652,0.900365832
15/05/2023,3,48,1227,51.10575336,0,111.1171857,1.098311763
16/05/2023,9,82,1065,39.63075538,0,102.8812624,0.885434143
17/05/2023,1,7,1076,14.72335391,1,91.66164817,0.949550352
18/05/2023,1,74,1232,50.5212658,0,97.13608127,1.062991486
19/05/2023,4,7,454,32.92738366,0,103.2741977,0.79605685
20/05/2023,9,33,1086,41.66963509,1,78.3528575,1.017396115
21/05/2023,6,23,1752,73.50537743,0,113.3862173,0.896092643
22/05/2023,3,85,898,56.93958855,0,91.68830114,1.00165494
23/05/2023,1,19,1313,21.21826861,1,114.1704382,0.964794439
24/05/2023,4,19,1113,96.52730864,0,103.9246514,1.210583483
25/05/2023,9,36,1241,67.23196891,0,106.2959414,0.960687881
26/05/2023,3,29,943,78.92815831,0,111.4942344,1.184265137
27/05/2023,9,60,1593,17.1291835,1,105.7313205,1.058695229
28/05/2023,7,82,1619,14.23525415,1,106.7288622,0.919854103
29/05/2023,4,2,983,11.75032453,0,98.3558356,1.033081093
30/05/2023,3,1,877,26.9914625,0,103.7216868,0.969559025
31/05/2023,10,47,659,47.29675579,0,94.12502185,1.024215749
01/06/2023,5,69,948,94.22435201,0,96.565889,0.928610901
02/06/2023,5,20,1501,51.13536933,0,119.6469505,1.169017763
03/06/2023,3,11,1374,36.12295948,0,91.91806415,1.092539809
04/06/2023,9,2,1171,60.57417282,1,101.5431713,1.003178157
05/06/2023,4,67,1181,20.07411203,1,101.1346904,1.172911477
06/06/2023,5,87,1662,64.85553019,0,96.89245528,1.007427924
07/06/2023,4,12,1027,61.15887589,0,105.1440094,1.109762496
08/06/2023,5,20,893,81.27937301,0,105.8972209,1.003830059
09/06/2023,7,5,891,98.80188505,0,90.74180817,1.039388759
10/06/2023,9,37,2098,32.57861245,0,101.0135671,0.991856122
11/06/2023,7,38,1754,55.86908057,1,89.17632661,1.009530135
12/06/2023,5,94,1152,91.79788657,0,107.8854862,1.017053186
13/06/2023,10,9,1707,80.6670896,0,101.7648731,0.933026817
14/06/2023,10,98,1806,53.86656728,0,100.8232989,0.959893133
15/06/2023,7,53,1159,95.08344847,0,106.5903135,0.978324498
16/06/2023,10,44,990,15.15130242,0,97.2448971,1.022971102
17/06/2023,5,99,1599,93.78987577,0,109.1402196,0.996942098
18/06/2023,3,86,1205,14.54566531,0,90.51555127,1.117303253
19/06/2023,7,24,1587,59.25742697,1,114.1187652,1.084711832
20/06/2023,2,81,1446,90.13968532,0,94.49088817,0.980367244
21/06/2023,9,74,1227,33.64488492,0,83.03820932,1.13817839
22/06/2023,10,30,1119,52.50236491,0,96.71465092,1.187302062
23/06/2023,10,59,2025,39.18959912,0,95.58031803,0.795617371
24/06/2023,1,87,1186,95.69295254,0,96.63926014,1.093229009
25/06/2023,6,96,1960,84.12810353,0,102.3164802,0.93070158
26/06/2023,7,81,770,73.81013602,0,110.9784236,1.080074802
27/06/2023,8,81,874,62.8864288,0,98.08294086,1.123823794
28/06/2023,10,14,1356,83.85326104,0,93.0838243,0.912300741
29/06/2023,9,9,1581,45.30403374,0,88.73453188,0.81476729
30/06/2023,2,40,1213,50.27966696,1,95.31817209,1.083543409
01/07/2023,10,66,1189,75.7001549,0,81.12175161,1.013540248
02/07/2023,2,25,2007,42.1979287,0,92.74866906,0.833156125
03/07/2023,5,73,1567,15.75108478,0,112.440539,1.252956451
04/07/2023,5,22,1160,16.6901148,0,91.76640795,1.062441941
05/07/2023,6,4,1786,20.38265212,1,106.2871586,1.067010004
06/07/2023,3,26,1195,88.2713191,0,87.7351791,1.136581775
07/07/2023,8,58,1973,52.50037832,1,117.710959,0.941917605
08/07/2023,1,29,1463,74.15941324,1,118.3760673,1.013045411
09/07/2023,6,98,2766,45.3618402,0,105.9102156,0.868067809
10/07/2023,4,87,1712,33.28398527,0,119.912526,0.939205155
11/07/2023,1,37,1072,41.24729508,0,103.5579297,1.038566
12/07/2023,7,75,2008,81.47641108,1,107.6851711,0.833471533
13/07/2023,9,70,1166,66.26945125,0,112.6193388,0.936371045
14/07/2023,4,18,1376,94.3875802,0,101.7971845,0.907206604
15/07/2023,4,85,1539,71.17343007,0,84.47622538,1.014209225
16/07/2023,6,42,2557,61.31634686,0,107.8896336,1.057470126
17/07/2023,3,100,1050,64.91764081,0,95.28140406,1.07421528
18/07/2023,6,41,1101,94.81342955,0,96.02470179,1.099881664
19/07/2023,7,38,1425,80.93808369,0,102.9789492,1.137211685
20/07/2023,10,34,978,12.16371136,1,105.6628088,1.060724545
21/07/2023,10,17,1347,58.07257265,0,101.5013463,1.18873359
22/07/2023,3,37,2345,71.95045704,0,106.3572954,1.011950252
23/07/2023,7,25,1617,77.38286306,0,92.93142866,0.982667885
24/07/2023,3,76,1538,29.18279074,0,99.57296205,1.060730736
25/07/2023,2,87,1682,88.0459619,0,108.4908545,0.978358883
26/07/2023,10,86,1199,96.02588325,0,117.7279118,1.185256473
27/07/2023,4,85,1554,31.30437753,0,121.2643559,1.113098347
28/07/2023,8,27,1286,89.43539118,0,104.3297668,1.075027814
29/07/2023,9,57,1894,18.72808863,0,108.4000983,1.013141934
30/07/2023,7,31,2256,15.01361525,0,119.8157916,0.959252283
31/07/2023,1,6,1423,21.63014201,0,93.29163963,1.0701325
01/08/2023,3,91,1692,15.19669715,0,106.2969985,0.887290255
02/08/2023,9,40,618,86.05110134,0,107.6834295,1.153436353
03/08/2023,1,98,1473,15.314513,0,114.4786144,0.982236329
04/08/2023,9,12,765,34.44977722,0,88.62858619,1.030510673
05/08/2023,8,53,1579,19.33807092,0,90.60594216,0.909039892
06/08/2023,1,71,1689,36.58798327,1,100.2138221,1.072298626
07/08/2023,6,10,1601,18.15035208,1,103.7772766,0.954625839
08/08/2023,5,45,1295,70.12029257,0,111.2286395,1.064922879
09/08/2023,6,17,1429,21.99941347,0,105.1754378,1.075739347
10/08/2023,10,26,1556,86.66613333,1,98.4858677,0.935236789
11/08/2023,5,85,1857,83.54719457,0,104.1646144,0.887647088
12/08/2023,6,92,1549,11.22955169,0,103.0104448,1.153189992
13/08/2023,5,62,1916,90.615372,1,117.4501643,0.980770097
14/08/2023,5,46,1348,12.60498851,0,101.6565894,1.022484882
15/08/2023,4,64,1065,31.56812065,0,96.16916586,1.048546452
16/08/2023,3,2,1345,12.9150224,0,104.4960903,0.874629987
17/08/2023,3,54,707,40.22591383,0,101.9848532,1.046266614
18/08/2023,4,65,825,56.24798731,0,84.29006644,1.009912654
19/08/2023,9,51,1223,81.69803821,0,99.84347938,0.93564693
20/08/2023,2,53,2302,40.41833954,0,98.99261755,0.884346402
21/08/2023,9,36,1227,73.49410222,0,94.56128134,1.060588555
22/08/2023,1,26,1335,26.87540114,0,110.3558329,1.112771201
23/08/2023,1,29,1077,77.55386111,0,92.14320403,1.017859052
24/08/2023,5,21,1575,31.23969453,0,104.5561862,0.856553466
25/08/2023,6,11,1217,22.91902803,0,98.52143,0.894266718
26/08/2023,6,40,1814,26.68679653,0,101.0769501,0.956787629
27/08/2023,3,11,1796,26.3856816,1,104.1178629,1.156461974
28/08/2023,7,36,996,56.15765914,0,86.92425616,0.975324934
29/08/2023,9,59,1150,86.03178231,0,101.9166089,0.953143108
30/08/2023,10,39,2324,17.16445693,0,122.8894749,0.83265152
31/08/2023,8,99,1186,73.62606866,0,84.43236654,0.934331521
01/09/2023,6,54,978,68.89118137,0,99.42392036,0.876706365
02/09/2023,8,98,1470,88.52679566,0,111.2323932,0.899682017
03/09/2023,5,55,1035,31.97328045,0,103.0161925,1.011995068
04/09/2023,8,24,1090,50.50988728,0,106.8796695,0.959883579
05/09/2023,10,22,717,93.3244637,1,76.24333989,1.169949445
06/09/2023,4,69,986,69.39941051,1,105.9824937,1.107800337
07/09/2023,10,56,1391,44.98915716,0,92.38311794,0.939111606
08/09/2023,8,33,1165,21.82711446,0,103.0987728,0.908318216
09/09/2023,10,36,1190,33.62365071,0,99.70565269,1.138264194
10/09/2023,2,20,1113,62.30939297,0,122.7833303,1.166004249
11/09/2023,5,83,1303,74.63511528,0,105.4669532,0.780575176
12/09/2023,9,99,804,21.19796982,0,98.87376171,1.009285762
13/09/2023,4,81,484,63.9637534,1,84.90307241,0.974812169
14/09/2023,6,62,1175,59.5316151,0,101.211469,1.064912014
15/09/2023,1,98,839,56.2559902,0,108.2322888,1.194266812
16/09/2023,9,73,1183,72.11108059,0,99.19448108,0.951594298
17/09/2023,1,26,1623,85.37046356,0,94.9434364,0.793930149
18/09/2023,5,66,991,39.06907149,0,94.27413336,1.05790077
19/09/2023,4,73,876,90.01109711,0,105.3514144,1.138996407
20/09/2023,3,73,1073,24.45702514,1,107.5938794,0.969624022
21/09/2023,6,40,1508,25.57214828,0,113.6121012,0.929496252
22/09/2023,2,17,932,34.00948573,0,90.05000107,0.956274059
23/09/2023,3,1,1391,20.75777826,1,105.2597756,1.085020537
24/09/2023,5,89,880,30.72873022,0,98.78296046,0.954553906
25/09/2023,9,61,741,19.57705866,0,99.07765795,1.03287603
26/09/2023,2,43,1220,83.95771753,0,104.0182585,1.002780292
27/09/2023,10,42,730,22.50720927,0,104.0765625,0.992462039
28/09/2023,8,25,1117,77.25678018,0,105.2876811,1.070129233
29/09/2023,2,39,832,14.31224811,0,89.42528808,0.95214201
30/09/2023,5,35,1206,95.36682948,1,92.50188593,0.956941344
01/10/2023,7,3,1114,74.00440788,0,114.8586828,1.079760285
02/10/2023,8,44,1148,10.61168937,0,97.79427533,0.901307468
03/10/2023,1,51,1359,78.74708502,0,103.060144,0.911977981
04/10/2023,6,94,1247,56.26737287,0,110.5466631,0.873968571
05/10/2023,1,98,1010,80.14286533,0,104.6344307,1.084901091
06/10/2023,2,12,817,57.0247128,0,105.4652263,0.989476303
07/10/2023,1,19,1073,67.69223719,0,108.9457768,0.868638485
08/10/2023,5,44,825,80.76984899,0,78.83336239,1.085380856
09/10/2023,10,59,673,46.45972491,1,95.10049845,0.944445784
10/10/2023,9,49,696,10.24373348,0,104.686058,0.912832192
11/10/2023,6,61,1182,86.49518464,0,113.8764431,0.980432144
12/10/2023,1,17,914,44.28013264,1,100.6609556,1.147872361
13/10/2023,1,74,743,54.64384534,0,91.55283538,0.96050378
14/10/2023,2,57,1045,10.69899779,0,91.8191395,1.057533886
15/10/2023,9,55,1479,54.28828093,1,108.838612,1.072708002
16/10/2023,3,47,832,98.78386614,0,97.82226418,1.04432733
17/10/2023,1,12,637,35.04408947,0,99.92799954,1.127107165
18/10/2023,5,62,997,45.58764432,0,106.1503019,0.9292884
19/10/2023,7,80,899,71.84709968,0,70.98476317,0.895666516
20/10/2023,6,88,1276,83.33143008,0,120.0036751,0.893703334
21/10/2023,1,83,1141,47.56524616,0,92.68926165,0.985553158
22/10/2023,5,8,1422,37.87019834,0,102.4193637,0.905295334
23/10/2023,5,95,606,94.404322,0,82.95302987,1.014754091
24/10/2023,6,21,702,70.943047,0,95.7745889,1.007698842
25/10/2023,3,81,948,20.7119174,0,112.4468805,1.10185733
26/10/2023,5,87,817,16.20350903,1,80.8383282,1.029114431
27/10/2023,7,80,1236,53.51948657,0,111.2620009,0.958384814
28/10/2023,5,70,796,29.80810594,1,97.26303904,1.04108492
29/10/2023,5,72,1566,32.8586278,0,104.8716444,0.896980598
30/10/2023,5,25,1183,88.99229609,0,106.5752441,0.996185931
31/10/2023,10,82,648,18.06094219,0,104.414215,1.031940123
01/11/2023,10,89,1295,74.38277037,0,91.35049348,1.01293176
02/11/2023,3,12,1305,34.4028028,0,96.35450853,1.041506509
03/11/2023,1,15,1367,78.42953993,0,85.38443823,0.935595398
04/11/2023,5,59,1226,75.0170246,0,104.9179633,1.11520314
05/11/2023,9,26,1375,10.66527113,0,117.0205515,1.182216895
06/11/2023,1,26,1146,55.82218716,0,81.75559113,0.839732386
07/11/2023,3,47,1253,22.53875341,0,92.38354094,0.8784402
08/11/2023,4,32,1148,87.96043275,0,98.18224724,1.004308301
09/11/2023,1,10,1274,88.44272946,0,101.7334142,0.974344902
10/11/2023,1,16,874,47.65112267,0,108.791763,1.189641241
11/11/2023,8,71,1612,49.99560566,0,98.4780002,1.021978432
12/11/2023,2,17,834,37.29546455,0,96.84041274,1.139254525
13/11/2023,8,23,1583,74.49456691,1,111.0313071,0.795087611
14/11/2023,7,26,1339,42.27952267,0,106.6199557,1.081416948
15/11/2023,10,85,974,34.10132271,0,105.3897798,0.928448318
16/11/2023,10,86,982,48.90079536,0,101.1251571,0.926845743
17/11/2023,2,7,1242,18.23387665,1,109.8315221,0.975164197
18/11/2023,6,14,1591,77.19428842,0,93.43690609,0.857541636
19/11/2023,6,79,988,11.13367611,1,92.07305718,1.044278553
20/11/2023,3,7,985,68.00365554,0,107.4610099,1.019071497
21/11/2023,2,9,643,26.45780741,0,83.74964031,1.026619225
22/11/2023,1,48,1151,30.91636416,1,100.9217951,1.088703102
23/11/2023,6,72,758,67.20687988,0,96.83441648,1.151478205
24/11/2023,5,59,1147,99.36491192,0,85.94245269,0.963628895
25/11/2023,9,87,1098,79.99457402,0,90.6873242,1.047735064
26/11/2023,1,93,1202,30.3255669,1,98.91023908,1.029298821
27/11/2023,7,82,985,25.84222795,0,110.3396326,1.037761451
28/11/2023,5,95,814,87.96095832,0,93.47042009,1.039259766
29/11/2023,5,94,1027,49.97655531,0,112.133814,1.159050334
30/11/2023,2,39,1607,22.33475225,0,100.6317923,0.954032313
01/12/2023,3,99,1882,87.5990281,1,113.103847,0.84742641
02/12/2023,7,18,1825,83.44831176,0,93.95508391,0.930212623
03/12/2023,6,59,1793,98.55157275,0,99.51190412,1.075726693
04/12/2023,2,17,1810,91.8769318,1,103.684836,1.002332951
05/12/2023,6,14,1158,86.66113048,0,98.20489537,0.953240066
06/12/2023,2,31,1938,14.7316958,0,109.5302415,0.892350273
07/12/2023,2,24,967,19.39738325,0,77.92436275,1.022128612
08/12/2023,2,99,2106,61.20848749,0,124.2240554,1.064450628
09/12/2023,3,60,1821,57.83313217,0,108.5777461,1.030587206
10/12/2023,2,45,1111,51.2166893,0,98.26468171,0.974666967
11/12/2023,4,98,1543,45.71103929,0,94.47678326,1.014664128
12/12/2023,9,3,1471,48.80894364,0,91.33579389,1.014084297
13/12/2023,6,37,1415,61.23681407,1,106.4561547,1.018969693
14/12/2023,1,43,1624,10.18688658,0,109.9498167,0.881569505
15/12/2023,8,40,1069,33.46378967,0,98.37473872,1.019732635
16/12/2023,7,90,2544,56.64517486,0,111.0699041,0.955940353
17/12/2023,10,55,1893,74.99944888,1,90.92739953,1.104061861
18/12/2023,3,87,1056,25.67410232,0,89.1618915,1.013291864
19/12/2023,1,39,1532,59.21930564,0,118.1334121,1.083547922
20/12/2023,5,15,1480,74.30137155,0,105.9110861,0.969821861
21/12/2023,4,4,2615,50.01648921,0,113.968482,0.973428616
22/12/2023,10,93,1346,12.43730203,0,91.46060292,1.149425125
23/12/2023,8,86,1393,50.43413426,0,90.76474608,1.043633519
24/12/2023,1,25,2258,36.6800399,0,96.41390681,0.928548547
25/12/2023,10,13,902,93.66846469,1,91.75941158,1.089697444
26/12/2023,1,82,1965,21.21520471,0,107.0536521,0.946669527
27/12/2023,4,33,1656,68.722836,0,92.48873943,1.022569814
28/12/2023,8,16,1464,14.74477897,0,88.28330142,1.183667463
29/12/2023,5,42,2123,50.1553394,0,101.4201541,0.856871761
30/12/2023,2,66,1425,59.85815385,0,87.10013824,0.982421808
31/12/2023,6,55,1146,36.81594382,0,82.00536069,1.040827164
